id,word
0,cigar
1,rebut
2,sissy
3,humph
4,awake
5,blush
6,focal
7,evade
8,naval
9,serve
10,heath
11,dwarf
12,model
13,karma
14,stink
15,grade
16,quiet
17,bench
18,abate
19,feign
20,major
21,death
22,fresh
23,crust
24,stool
25,colon
26,abase
27,marry
28,react
29,batty
30,pride
31,floss
32,helix
33,croak
34,staff
35,paper
36,unfed
37,whelp
38,trawl
39,outdo
40,adobe
41,crazy
42,sower
43,repay
44,digit
45,crate
46,cluck
47,spike
48,mimic
49,pound
50,maxim
51,linen
52,unmet
53,flesh
54,booby
55,forth
56,first
57,stand
58,belly
59,ivory
60,seedy
61,print
62,yearn
63,drain
64,bribe
65,stout
66,panel
67,crass
68,flume
69,offal
70,agree
71,error
72,swirl
73,argue
74,bleed
75,delta
76,flick
77,totem
78,wooer
79,front
80,shrub
81,parry
82,biome
83,lapel
84,start
85,greet
86,goner
87,golem
88,lusty
89,loopy
90,round
91,audit
92,lying
93,gamma
94,labor
95,islet
96,civic
97,forge
98,corny
99,moult
100,basic
101,salad
102,agate
103,spicy
104,spray
105,essay
106,fjord
107,spend
108,kebab
109,guild
110,aback
111,motor
112,alone
113,hatch
114,hyper
115,thumb
116,dowry
117,ought
118,belch
119,dutch
120,pilot
121,tweed
122,comet
123,jaunt
124,enema
125,steed
126,abyss
127,growl
128,fling
129,dozen
130,boozy
131,erode
132,world
133,gouge
134,click
135,briar
136,great
137,altar
138,pulpy
139,blurt
140,coast
141,duchy
142,groin
143,fixer
144,group
145,rogue
146,badly
147,smart
148,pithy
149,gaudy
150,chill
151,heron
152,vodka
153,finer
154,surer
155,radio
156,rouge
157,perch
158,retch
159,wrote
160,clock
161,tilde
162,store
163,prove
164,bring
165,solve
166,cheat
167,grime
168,exult
169,usher
170,epoch
171,triad
172,break
173,rhino
174,viral
175,conic
176,masse
177,sonic
178,vital
179,trace
180,using
181,peach
182,champ
183,baton
184,brake
185,pluck
186,craze
187,gripe
188,weary
189,picky
190,acute
191,ferry
192,aside
193,tapir
194,troll
195,unify
196,rebus
197,boost
198,truss
199,siege
200,tiger
201,banal
202,slump
203,crank
204,gorge
205,query
206,drink
207,favor
208,abbey
209,tangy
210,panic
211,solar
212,shire
213,proxy
214,point
215,robot
216,prick
217,wince
218,crimp
219,knoll
220,sugar
221,whack
222,mount
223,perky
224,could
225,wrung
226,light
227,those
228,moist
229,shard
230,pleat
231,aloft
232,skill
233,elder
234,frame
235,humor
236,pause
237,ulcer
238,ultra
239,robin
240,cynic
241,aroma
242,caulk
243,shake
244,dodge
245,swill
246,tacit
247,other
248,thorn
249,trove
250,bloke
251,vivid
252,spill
253,chant
254,choke
255,rupee
256,nasty
257,mourn
258,ahead
259,brine
260,cloth
261,hoard
262,sweet
263,month
264,lapse
265,watch
266,today
267,focus
268,smelt
269,tease
270,cater
271,movie
272,saute
273,allow
274,renew
275,their
276,slosh
277,purge
278,chest
279,depot
280,epoxy
281,nymph
282,found
283,shall
284,harry
285,stove
286,lowly
287,snout
288,trope
289,fewer
290,shawl
291,natal
292,comma
293,foray
294,scare
295,stair
296,black
297,squad
298,royal
299,chunk
300,mince
301,shame
302,cheek
303,ample
304,flair
305,foyer
306,cargo
307,oxide
308,plant
309,olive
310,inert
311,askew
312,heist
313,shown
314,zesty
315,hasty
316,trash
317,fella
318,larva
319,forgo
320,story
321,hairy
322,train
323,homer
324,badge
325,midst
326,canny
327,fetus
328,butch
329,farce
330,slung
331,tipsy
332,metal
333,yield
334,delve
335,being
336,scour
337,glass
338,gamer
339,scrap
340,money
341,hinge
342,album
343,vouch
344,asset
345,tiara
346,crept
347,bayou
348,atoll
349,manor
350,creak
351,showy
352,phase
353,froth
354,depth
355,gloom
356,flood
357,trait
358,girth
359,piety
360,payer
361,goose
362,float
363,donor
364,atone
365,primo
366,apron
367,blown
368,cacao
369,loser
370,input
371,gloat
372,awful
373,brink
374,smite
375,beady
376,rusty
377,retro
378,droll
379,gawky
380,hutch
381,pinto
382,gaily
383,egret
384,lilac
385,sever
386,field
387,fluff
388,hydro
389,flack
390,agape
391,voice
392,stead
393,stalk
394,berth
395,madam
396,night
397,bland
398,liver
399,wedge
400,augur
401,roomy
402,wacky
403,flock
404,angry
405,bobby
406,trite
407,aphid
408,tryst
409,midge
410,power
411,elope
412,cinch
413,motto
414,stomp
415,upset
416,bluff
417,cramp
418,quart
419,coyly
420,youth
421,rhyme
422,buggy
423,alien
424,smear
425,unfit
426,patty
427,cling
428,glean
429,label
430,hunky
431,khaki
432,poker
433,gruel
434,twice
435,twang
436,shrug
437,treat
438,unlit
439,waste
440,merit
441,woven
442,octal
443,needy
444,clown
445,widow
446,irony
447,ruder
448,gauze
449,chief
450,onset
451,prize
452,fungi
453,charm
454,gully
455,inter
456,whoop
457,taunt
458,leery
459,class
460,theme
461,lofty
462,tibia
463,booze
464,alpha
465,thyme
466,eclat
467,doubt
468,parer
469,chute
470,stick
471,trice
472,alike
473,sooth
474,recap
475,saint
476,liege
477,glory
478,grate
479,admit
480,brisk
481,soggy
482,usurp
483,scald
484,scorn
485,leave
486,twine
487,sting
488,bough
489,marsh
490,sloth
491,dandy
492,vigor
493,howdy
494,enjoy
495,valid
496,ionic
497,equal
498,unset
499,floor
500,catch
501,spade
502,stein
503,exist
504,quirk
505,denim
506,grove
507,spiel
508,mummy
509,fault
510,foggy
511,flout
512,carry
513,sneak
514,libel
515,waltz
516,aptly
517,piney
518,inept
519,aloud
520,photo
521,dream
522,stale
523,vomit
524,ombre
525,fanny
526,unite
527,snarl
528,baker
529,there
530,glyph
531,pooch
532,hippy
533,spell
534,folly
535,louse
536,gulch
537,vault
538,godly
539,threw
540,fleet
541,grave
542,inane
543,shock
544,crave
545,spite
546,valve
547,skimp
548,claim
549,rainy
550,musty
551,pique
552,daddy
553,quasi
554,arise
555,aging
556,valet
557,opium
558,avert
559,stuck
560,recut
561,mulch
562,genre
563,plume
564,rifle
565,count
566,incur
567,total
568,wrest
569,mocha
570,deter
571,study
572,lover
573,safer
574,rivet
575,funny
576,smoke
577,mound
578,undue
579,sedan
580,pagan
581,swine
582,guile
583,gusty
584,equip
585,tough
586,canoe
587,chaos
588,covet
589,human
590,udder
591,lunch
592,blast
593,stray
594,manga
595,melee
596,lefty
597,quick
598,paste
599,given
600,octet
601,risen
602,groan
603,leaky
604,grind
605,carve
606,loose
607,sadly
608,spilt
609,apple
610,slack
611,honey
612,final
613,sheen
614,eerie
615,minty
616,slick
617,derby
618,wharf
619,spelt
620,coach
621,erupt
622,singe
623,price
624,spawn
625,fairy
626,jiffy
627,filmy
628,stack
629,chose
630,sleep
631,ardor
632,nanny
633,niece
634,woozy
635,handy
636,grace
637,ditto
638,stank
639,cream
640,usual
641,diode
642,valor
643,angle
644,ninja
645,muddy
646,chase
647,reply
648,prone
649,spoil
650,heart
651,shade
652,diner
653,arson
654,onion
655,sleet
656,dowel
657,couch
658,palsy
659,bowel
660,smile
661,evoke
662,creek
663,lance
664,eagle
665,idiot
666,siren
667,built
668,embed
669,award
670,dross
671,annul
672,goody
673,frown
674,patio
675,laden
676,humid
677,elite
678,lymph
679,edify
680,might
681,reset
682,visit
683,gusto
684,purse
685,vapor
686,crock
687,write
688,sunny
689,loath
690,chaff
691,slide
692,queer
693,venom
694,stamp
695,sorry
696,still
697,acorn
698,aping
699,pushy
700,tamer
701,hater
702,mania
703,awoke
704,brawn
705,swift
706,exile
707,birch
708,lucky
709,freer
710,risky
711,ghost
712,plier
713,lunar
714,winch
715,snare
716,nurse
717,house
718,borax
719,nicer
720,lurch
721,exalt
722,about
723,savvy
724,toxin
725,tunic
726,pried
727,inlay
728,chump
729,lanky
730,cress
731,eater
732,elude
733,cycle
734,kitty
735,boule
736,moron
737,tenet
738,place
739,lobby
740,plush
741,vigil
742,index
743,blink
744,clung
745,qualm
746,croup
747,clink
748,juicy
749,stage
750,decay
751,nerve
752,flier
753,shaft
754,crook
755,clean
756,china
757,ridge
758,vowel
759,gnome
760,snuck
761,icing
762,spiny
763,rigor
764,snail
765,flown
766,rabid
767,prose
768,thank
769,poppy
770,budge
771,fiber
772,moldy
773,dowdy
774,kneel
775,track
776,caddy
777,quell
778,dumpy
779,paler
780,swore
781,rebar
782,scuba
783,splat
784,flyer
785,horny
786,mason
787,doing
788,ozone
789,amply
790,molar
791,ovary
792,beset
793,queue
794,cliff
795,magic
796,truce
797,sport
798,fritz
799,edict
800,twirl
801,verse
802,llama
803,eaten
804,range
805,whisk
806,hovel
807,rehab
808,macaw
809,sigma
810,spout
811,verve
812,sushi
813,dying
814,fetid
815,brain
816,buddy
817,thump
818,scion
819,candy
820,chord
821,basin
822,march
823,crowd
824,arbor
825,gayly
826,musky
827,stain
828,dally
829,bless
830,bravo
831,stung
832,title
833,ruler
834,kiosk
835,blond
836,ennui
837,layer
838,fluid
839,tatty
840,score
841,cutie
842,zebra
843,barge
844,matey
845,bluer
846,aider
847,shook
848,river
849,privy
850,betel
851,frisk
852,bongo
853,begun
854,azure
855,weave
856,genie
857,sound
858,glove
859,braid
860,scope
861,wryly
862,rover
863,assay
864,ocean
865,bloom
866,irate
867,later
868,woken
869,silky
870,wreck
871,dwelt
872,slate
873,smack
874,solid
875,amaze
876,hazel
877,wrist
878,jolly
879,globe
880,flint
881,rouse
882,civil
883,vista
884,relax
885,cover
886,alive
887,beech
888,jetty
889,bliss
890,vocal
891,often
892,dolly
893,eight
894,joker
895,since
896,event
897,ensue
898,shunt
899,diver
900,poser
901,worst
902,sweep
903,alley
904,creed
905,anime
906,leafy
907,bosom
908,dunce
909,stare
910,pudgy
911,waive
912,choir
913,stood
914,spoke
915,outgo
916,delay
917,bilge
918,ideal
919,clasp
920,seize
921,hotly
922,laugh
923,sieve
924,block
925,meant
926,grape
927,noose
928,hardy
929,shied
930,drawl
931,daisy
932,putty
933,strut
934,burnt
935,tulip
936,crick
937,idyll
938,vixen
939,furor
940,geeky
941,cough
942,naive
943,shoal
944,stork
945,bathe
946,aunty
947,check
948,prime
949,brass
950,outer
951,furry
952,razor
953,elect
954,evict
955,imply
956,demur
957,quota
958,haven
959,cavil
960,swear
961,crump
962,dough
963,gavel
964,wagon
965,salon
966,nudge
967,harem
968,pitch
969,sworn
970,pupil
971,excel
972,stony
973,cabin
974,unzip
975,queen
976,trout
977,polyp
978,earth
979,storm
980,until
981,taper
982,enter
983,child
984,adopt
985,minor
986,fatty
987,husky
988,brave
989,filet
990,slime
991,glint
992,tread
993,steal
994,regal
995,guest
996,every
997,murky
998,share
999,spore
1000,hoist
1001,buxom
1002,inner
1003,otter
1004,dimly
1005,level
1006,sumac
1007,donut
1008,stilt
1009,arena
1010,sheet
1011,scrub
1012,fancy
1013,slimy
1014,pearl
1015,silly
1016,porch
1017,dingo
1018,sepia
1019,amble
1020,shady
1021,bread
1022,friar
1023,reign
1024,dairy
1025,quill
1026,cross
1027,brood
1028,tuber
1029,shear
1030,posit
1031,blank
1032,villa
1033,shank
1034,piggy
1035,freak
1036,which
1037,among
1038,fecal
1039,shell
1040,would
1041,algae
1042,large
1043,rabbi
1044,agony
1045,amuse
1046,bushy
1047,copse
1048,swoon
1049,knife
1050,pouch
1051,ascot
1052,plane
1053,crown
1054,urban
1055,snide
1056,relay
1057,abide
1058,viola
1059,rajah
1060,straw
1061,dilly
1062,crash
1063,amass
1064,third
1065,trick
1066,tutor
1067,woody
1068,blurb
1069,grief
1070,disco
1071,where
1072,sassy
1073,beach
1074,sauna
1075,comic
1076,clued
1077,creep
1078,caste
1079,graze
1080,snuff
1081,frock
1082,gonad
1083,drunk
1084,prong
1085,lurid
1086,steel
1087,halve
1088,buyer
1089,vinyl
1090,utile
1091,smell
1092,adage
1093,worry
1094,tasty
1095,local
1096,trade
1097,finch
1098,ashen
1099,modal
1100,gaunt
1101,clove
1102,enact
1103,adorn
1104,roast
1105,speck
1106,sheik
1107,missy
1108,grunt
1109,snoop
1110,party
1111,touch
1112,mafia
1113,emcee
1114,array
1115,south
1116,vapid
1117,jelly
1118,skulk
1119,angst
1120,tubal
1121,lower
1122,crest
1123,sweat
1124,cyber
1125,adore
1126,tardy
1127,swami
1128,notch
1129,groom
1130,roach
1131,hitch
1132,young
1133,align
1134,ready
1135,frond
1136,strap
1137,puree
1138,realm
1139,venue
1140,swarm
1141,offer
1142,seven
1143,dryer
1144,diary
1145,dryly
1146,drank
1147,acrid
1148,heady
1149,theta
1150,junto
1151,pixie
1152,quoth
1153,bonus
1154,shalt
1155,penne
1156,amend
1157,datum
1158,build
1159,piano
1160,shelf
1161,lodge
1162,suing
1163,rearm
1164,coral
1165,ramen
1166,worth
1167,psalm
1168,infer
1169,overt
1170,mayor
1171,ovoid
1172,glide
1173,usage
1174,poise
1175,randy
1176,chuck
1177,prank
1178,fishy
1179,tooth
1180,ether
1181,drove
1182,idler
1183,swath
1184,stint
1185,while
1186,begat
1187,apply
1188,slang
1189,tarot
1190,radar
1191,credo
1192,aware
1193,canon
1194,shift
1195,timer
1196,bylaw
1197,serum
1198,three
1199,steak
1200,iliac
1201,shirk
1202,blunt
1203,puppy
1204,penal
1205,joist
1206,bunny
1207,shape
1208,beget
1209,wheel
1210,adept
1211,stunt
1212,stole
1213,topaz
1214,chore
1215,fluke
1216,afoot
1217,bloat
1218,bully
1219,dense
1220,caper
1221,sneer
1222,boxer
1223,jumbo
1224,lunge
1225,space
1226,avail
1227,short
1228,slurp
1229,loyal
1230,flirt
1231,pizza
1232,conch
1233,tempo
1234,droop
1235,plate
1236,bible
1237,plunk
1238,afoul
1239,savoy
1240,steep
1241,agile
1242,stake
1243,dwell
1244,knave
1245,beard
1246,arose
1247,motif
1248,smash
1249,broil
1250,glare
1251,shove
1252,baggy
1253,mammy
1254,swamp
1255,along
1256,rugby
1257,wager
1258,quack
1259,squat
1260,snaky
1261,debit
1262,mange
1263,skate
1264,ninth
1265,joust
1266,tramp
1267,spurn
1268,medal
1269,micro
1270,rebel
1271,flank
1272,learn
1273,nadir
1274,maple
1275,comfy
1276,remit
1277,gruff
1278,ester
1279,least
1280,mogul
1281,fetch
1282,cause
1283,oaken
1284,aglow
1285,meaty
1286,gaffe
1287,shyly
1288,racer
1289,prowl
1290,thief
1291,stern
1292,poesy
1293,rocky
1294,tweet
1295,waist
1296,spire
1297,grope
1298,havoc
1299,patsy
1300,truly
1301,forty
1302,deity
1303,uncle
1304,swish
1305,giver
1306,preen
1307,bevel
1308,lemur
1309,draft
1310,slope
1311,annoy
1312,lingo
1313,bleak
1314,ditty
1315,curly
1316,cedar
1317,dirge
1318,grown
1319,horde
1320,drool
1321,shuck
1322,crypt
1323,cumin
1324,stock
1325,gravy
1326,locus
1327,wider
1328,breed
1329,quite
1330,chafe
1331,cache
1332,blimp
1333,deign
1334,fiend
1335,logic
1336,cheap
1337,elide
1338,rigid
1339,false
1340,renal
1341,pence
1342,rowdy
1343,shoot
1344,blaze
1345,envoy
1346,posse
1347,brief
1348,never
1349,abort
1350,mouse
1351,mucky
1352,sulky
1353,fiery
1354,media
1355,trunk
1356,yeast
1357,clear
1358,skunk
1359,scalp
1360,bitty
1361,cider
1362,koala
1363,duvet
1364,segue
1365,creme
1366,super
1367,grill
1368,after
1369,owner
1370,ember
1371,reach
1372,nobly
1373,empty
1374,speed
1375,gipsy
1376,recur
1377,smock
1378,dread
1379,merge
1380,burst
1381,kappa
1382,amity
1383,shaky
1384,hover
1385,carol
1386,snort
1387,synod
1388,faint
1389,haunt
1390,flour
1391,chair
1392,detox
1393,shrew
1394,tense
1395,plied
1396,quark
1397,burly
1398,novel
1399,waxen
1400,stoic
1401,jerky
1402,blitz
1403,beefy
1404,lyric
1405,hussy
1406,towel
1407,quilt
1408,below
1409,bingo
1410,wispy
1411,brash
1412,scone
1413,toast
1414,easel
1415,saucy
1416,value
1417,spice
1418,honor
1419,route
1420,sharp
1421,bawdy
1422,radii
1423,skull
1424,phony
1425,issue
1426,lager
1427,swell
1428,urine
1429,gassy
1430,trial
1431,flora
1432,upper
1433,latch
1434,wight
1435,brick
1436,retry
1437,holly
1438,decal
1439,grass
1440,shack
1441,dogma
1442,mover
1443,defer
1444,sober
1445,optic
1446,crier
1447,vying
1448,nomad
1449,flute
1450,hippo
1451,shark
1452,drier
1453,obese
1454,bugle
1455,tawny
1456,chalk
1457,feast
1458,ruddy
1459,pedal
1460,scarf
1461,cruel
1462,bleat
1463,tidal
1464,slush
1465,semen
1466,windy
1467,dusty
1468,sally
1469,igloo
1470,nerdy
1471,jewel
1472,shone
1473,whale
1474,hymen
1475,abuse
1476,fugue
1477,elbow
1478,crumb
1479,pansy
1480,welsh
1481,syrup
1482,terse
1483,suave
1484,gamut
1485,swung
1486,drake
1487,freed
1488,afire
1489,shirt
1490,grout
1491,oddly
1492,tithe
1493,plaid
1494,dummy
1495,broom
1496,blind
1497,torch
1498,enemy
1499,again
1500,tying
1501,pesky
1502,alter
1503,gazer
1504,noble
1505,ethos
1506,bride
1507,extol
1508,decor
1509,hobby
1510,beast
1511,idiom
1512,utter
1513,these
1514,sixth
1515,alarm
1516,erase
1517,elegy
1518,spunk
1519,piper
1520,scaly
1521,scold
1522,hefty
1523,chick
1524,sooty
1525,canal
1526,whiny
1527,slash
1528,quake
1529,joint
1530,swept
1531,prude
1532,heavy
1533,wield
1534,femme
1535,lasso
1536,maize
1537,shale
1538,screw
1539,spree
1540,smoky
1541,whiff
1542,scent
1543,glade
1544,spent
1545,prism
1546,stoke
1547,riper
1548,orbit
1549,cocoa
1550,guilt
1551,humus
1552,shush
1553,table
1554,smirk
1555,wrong
1556,noisy
1557,alert
1558,shiny
1559,elate
1560,resin
1561,whole
1562,hunch
1563,pixel
1564,polar
1565,hotel
1566,sword
1567,cleat
1568,mango
1569,rumba
1570,puffy
1571,filly
1572,billy
1573,leash
1574,clout
1575,dance
1576,ovate
1577,facet
1578,chili
1579,paint
1580,liner
1581,curio
1582,salty
1583,audio
1584,snake
1585,fable
1586,cloak
1587,navel
1588,spurt
1589,pesto
1590,balmy
1591,flash
1592,unwed
1593,early
1594,churn
1595,weedy
1596,stump
1597,lease
1598,witty
1599,wimpy
1600,spoof
1601,saner
1602,blend
1603,salsa
1604,thick
1605,warty
1606,manic
1607,blare
1608,squib
1609,spoon
1610,probe
1611,crepe
1612,knack
1613,force
1614,debut
1615,order
1616,haste
1617,teeth
1618,agent
1619,widen
1620,icily
1621,slice
1622,ingot
1623,clash
1624,juror
1625,blood
1626,abode
1627,throw
1628,unity
1629,pivot
1630,slept
1631,troop
1632,spare
1633,sewer
1634,parse
1635,morph
1636,cacti
1637,tacky
1638,spool
1639,demon
1640,moody
1641,annex
1642,begin
1643,fuzzy
1644,patch
1645,water
1646,lumpy
1647,admin
1648,omega
1649,limit
1650,tabby
1651,macho
1652,aisle
1653,skiff
1654,basis
1655,plank
1656,verge
1657,botch
1658,crawl
1659,lousy
1660,slain
1661,cubic
1662,raise
1663,wrack
1664,guide
1665,foist
1666,cameo
1667,under
1668,actor
1669,revue
1670,fraud
1671,harpy
1672,scoop
1673,climb
1674,refer
1675,olden
1676,clerk
1677,debar
1678,tally
1679,ethic
1680,cairn
1681,tulle
1682,ghoul
1683,hilly
1684,crude
1685,apart
1686,scale
1687,older
1688,plain
1689,sperm
1690,briny
1691,abbot
1692,rerun
1693,quest
1694,crisp
1695,bound
1696,befit
1697,drawn
1698,suite
1699,itchy
1700,cheer
1701,bagel
1702,guess
1703,broad
1704,axiom
1705,chard
1706,caput
1707,leant
1708,harsh
1709,curse
1710,proud
1711,swing
1712,opine
1713,taste
1714,lupus
1715,gumbo
1716,miner
1717,green
1718,chasm
1719,lipid
1720,topic
1721,armor
1722,brush
1723,crane
1724,mural
1725,abled
1726,habit
1727,bossy
1728,maker
1729,dusky
1730,dizzy
1731,lithe
1732,brook
1733,jazzy
1734,fifty
1735,sense
1736,giant
1737,surly
1738,legal
1739,fatal
1740,flunk
1741,began
1742,prune
1743,small
1744,slant
1745,scoff
1746,torus
1747,ninny
1748,covey
1749,viper
1750,taken
1751,moral
1752,vogue
1753,owing
1754,token
1755,entry
1756,booth
1757,voter
1758,chide
1759,elfin
1760,ebony
1761,neigh
1762,minim
1763,melon
1764,kneed
1765,decoy
1766,voila
1767,ankle
1768,arrow
1769,mushy
1770,tribe
1771,cease
1772,eager
1773,birth
1774,graph
1775,odder
1776,terra
1777,weird
1778,tried
1779,clack
1780,color
1781,rough
1782,weigh
1783,uncut
1784,ladle
1785,strip
1786,craft
1787,minus
1788,dicey
1789,titan
1790,lucid
1791,vicar
1792,dress
1793,ditch
1794,gypsy
1795,pasta
1796,taffy
1797,flame
1798,swoop
1799,aloof
1800,sight
1801,broke
1802,teary
1803,chart
1804,sixty
1805,wordy
1806,sheer
1807,leper
1808,nosey
1809,bulge
1810,savor
1811,clamp
1812,funky
1813,foamy
1814,toxic
1815,brand
1816,plumb
1817,dingy
1818,butte
1819,drill
1820,tripe
1821,bicep
1822,tenor
1823,krill
1824,worse
1825,drama
1826,hyena
1827,think
1828,ratio
1829,cobra
1830,basil
1831,scrum
1832,bused
1833,phone
1834,court
1835,camel
1836,proof
1837,heard
1838,angel
1839,petal
1840,pouty
1841,throb
1842,maybe
1843,fetal
1844,sprig
1845,spine
1846,shout
1847,cadet
1848,macro
1849,dodgy
1850,satyr
1851,rarer
1852,binge
1853,trend
1854,nutty
1855,leapt
1856,amiss
1857,split
1858,myrrh
1859,width
1860,sonar
1861,tower
1862,baron
1863,fever
1864,waver
1865,spark
1866,belie
1867,sloop
1868,expel
1869,smote
1870,baler
1871,above
1872,north
1873,wafer
1874,scant
1875,frill
1876,awash
1877,snack
1878,scowl
1879,frail
1880,drift
1881,limbo
1882,fence
1883,motel
1884,ounce
1885,wreak
1886,revel
1887,talon
1888,prior
1889,knelt
1890,cello
1891,flake
1892,debug
1893,anode
1894,crime
1895,salve
1896,scout
1897,imbue
1898,pinky
1899,stave
1900,vague
1901,chock
1902,fight
1903,video
1904,stone
1905,teach
1906,cleft
1907,frost
1908,prawn
1909,booty
1910,twist
1911,apnea
1912,stiff
1913,plaza
1914,ledge
1915,tweak
1916,board
1917,grant
1918,medic
1919,bacon
1920,cable
1921,brawl
1922,slunk
1923,raspy
1924,forum
1925,drone
1926,women
1927,mucus
1928,boast
1929,toddy
1930,coven
1931,tumor
1932,truer
1933,wrath
1934,stall
1935,steam
1936,axial
1937,purer
1938,daily
1939,trail
1940,niche
1941,mealy
1942,juice
1943,nylon
1944,plump
1945,merry
1946,flail
1947,papal
1948,wheat
1949,berry
1950,cower
1951,erect
1952,brute
1953,leggy
1954,snipe
1955,sinew
1956,skier
1957,penny
1958,jumpy
1959,rally
1960,umbra
1961,scary
1962,modem
1963,gross
1964,avian
1965,greed
1966,satin
1967,tonic
1968,parka
1969,sniff
1970,livid
1971,stark
1972,trump
1973,giddy
1974,reuse
1975,taboo
1976,avoid
1977,quote
1978,devil
1979,liken
1980,gloss
1981,gayer
1982,beret
1983,noise
1984,gland
1985,dealt
1986,sling
1987,rumor
1988,opera
1989,thigh
1990,tonga
1991,flare
1992,wound
1993,white
1994,bulky
1995,etude
1996,horse
1997,circa
1998,paddy
1999,inbox
2000,fizzy
2001,grain
2002,exert
2003,surge
2004,gleam
2005,belle
2006,salvo
2007,crush
2008,fruit
2009,sappy
2010,taker
2011,tract
2012,ovine
2013,spiky
2014,frank
2015,reedy
2016,filth
2017,spasm
2018,heave
2019,mambo
2020,right
2021,clank
2022,trust
2023,lumen
2024,borne
2025,spook
2026,sauce
2027,amber
2028,lathe
2029,carat
2030,corer
2031,dirty
2032,slyly
2033,affix
2034,alloy
2035,taint
2036,sheep
2037,kinky
2038,wooly
2039,mauve
2040,flung
2041,yacht
2042,fried
2043,quail
2044,brunt
2045,grimy
2046,curvy
2047,cagey
2048,rinse
2049,deuce
2050,state
2051,grasp
2052,milky
2053,bison
2054,graft
2055,sandy
2056,baste
2057,flask
2058,hedge
2059,girly
2060,swash
2061,boney
2062,coupe
2063,endow
2064,abhor
2065,welch
2066,blade
2067,tight
2068,geese
2069,miser
2070,mirth
2071,cloud
2072,cabal
2073,leech
2074,close
2075,tenth
2076,pecan
2077,droit
2078,grail
2079,clone
2080,guise
2081,ralph
2082,tango
2083,biddy
2084,smith
2085,mower
2086,payee
2087,serif
2088,drape
2089,fifth
2090,spank
2091,glaze
2092,allot
2093,truck
2094,kayak
2095,virus
2096,testy
2097,tepee
2098,fully
2099,zonal
2100,metro
2101,curry
2102,grand
2103,banjo
2104,axion
2105,bezel
2106,occur
2107,chain
2108,nasal
2109,gooey
2110,filer
2111,brace
2112,allay
2113,pubic
2114,raven
2115,plead
2116,gnash
2117,flaky
2118,munch
2119,dully
2120,eking
2121,thing
2122,slink
2123,hurry
2124,theft
2125,shorn
2126,pygmy
2127,ranch
2128,wring
2129,lemon
2130,shore
2131,mamma
2132,froze
2133,newer
2134,style
2135,moose
2136,antic
2137,drown
2138,vegan
2139,chess
2140,guppy
2141,union
2142,lever
2143,lorry
2144,image
2145,cabby
2146,druid
2147,exact
2148,truth
2149,dopey
2150,spear
2151,cried
2152,chime
2153,crony
2154,stunk
2155,timid
2156,batch
2157,gauge
2158,rotor
2159,crack
2160,curve
2161,latte
2162,witch
2163,bunch
2164,repel
2165,anvil
2166,soapy
2167,meter
2168,broth
2169,madly
2170,dried
2171,scene
2172,known
2173,magma
2174,roost
2175,woman
2176,thong
2177,punch
2178,pasty
2179,downy
2180,knead
2181,whirl
2182,rapid
2183,clang
2184,anger
2185,drive
2186,goofy
2187,email
2188,music
2189,stuff
2190,bleep
2191,rider
2192,mecca
2193,folio
2194,setup
2195,verso
2196,quash
2197,fauna
2198,gummy
2199,happy
2200,newly
2201,fussy
2202,relic
2203,guava
2204,ratty
2205,fudge
2206,femur
2207,chirp
2208,forte
2209,alibi
2210,whine
2211,petty
2212,golly
2213,plait
2214,fleck
2215,felon
2216,gourd
2217,brown
2218,thrum
2219,ficus
2220,stash
2221,decry
2222,wiser
2223,junta
2224,visor
2225,daunt
2226,scree
2227,impel
2228,await
2229,press
2230,whose
2231,turbo
2232,stoop
2233,speak
2234,mangy
2235,eying
2236,inlet
2237,crone
2238,pulse
2239,mossy
2240,staid
2241,hence
2242,pinch
2243,teddy
2244,sully
2245,snore
2246,ripen
2247,snowy
2248,attic
2249,going
2250,leach
2251,mouth
2252,hound
2253,clump
2254,tonal
2255,bigot
2256,peril
2257,piece
2258,blame
2259,haute
2260,spied
2261,undid
2262,intro
2263,basal
2264,shine
2265,gecko
2266,rodeo
2267,guard
2268,steer
2269,loamy
2270,scamp
2271,scram
2272,manly
2273,hello
2274,vaunt
2275,organ
2276,feral
2277,knock
2278,extra
2279,condo
2280,adapt
2281,willy
2282,polka
2283,rayon
2284,skirt
2285,faith
2286,torso
2287,match
2288,mercy
2289,tepid
2290,sleek
2291,riser
2292,twixt
2293,peace
2294,flush
2295,catty
2296,login
2297,eject
2298,roger
2299,rival
2300,untie
2301,refit
2302,aorta
2303,adult
2304,judge
2305,rower
2306,artsy
2307,rural
2308,shave
